title	score
You & CatNap & Pomni | Marble Race 35 ğŸ«µ ğŸ™€ ğŸŒˆ ğŸª	1
September 16, 2024	0
Why is this hamster running like a Nascar? ğŸ¹ğŸ	1
#satisfying #satisfyingvideo #viral #viralvideo #fyp #foryou	1
#satisfying #satisfyingvideo #viral #viralvideo #fyp #foryou #computersience #python #coding #bouncy	1
"""Why This Math Scale Will Shock You!""ğŸ˜±â£ï¸#shorts"	1
ğŸˆCrushing Crunchy & Soft Things! Breaking Glass BottlesğŸ’¥ #satisfying #DuckBreakingGlass #77	1
How To Secretly Give Shoes A Fun Surprise?ğŸ¤­ğŸ”§	1
Hot Body! Try This Amazing Weight Loss HackğŸ¤ªğŸƒâ€â™€ï¸ #funnycat #lifehacks #catmemes #trending	1
Donâ€™t watch til the end - Itâ€™s terrifying! #thatlittlepuff #catsofyoutube	1
Welcome to Quoicouland !  #beamngdrive #beamng	1
Mango Song Challenge With Noob VS Superheroes VS Sonic VS Old Herobrine #funny #minecraft #shorts	1
What's the WORST CHEATING STORY you have ever heard ? #shorts #reddit #askreddit #redditstories	1
YapDollar Explores Red ğŸ„Mushrooms: Are They Safe to Eat? #shorts	1
New Scary ObbyğŸ’™Poppy Playtime Escape- Roblox *Evil Jumpscare*  #roblox #obby #jumpscare #escape	1
Daily life hacks for all occasions #Short	1
Unique Life Hacks Everyone Should Know #shorts	1
Yap dollar ğŸ’µ	1
Gegagedigedagedago! Max and Nuggets Dancing in the Classroom!	1
Holes Lead To Freddy FazBearğŸ»+Spider Man ğŸ•·ğŸ•¸ and Christmas Penguins âœ¨ğŸ§ | Wait For It...ğŸ¤© #minecraft	1
Hole Leads To Skibidi Toilet Or Grimace Shake ğŸ˜± #shorts #minecraft	1
CR7 vs Messi Jump Challenge âš½ï¸ #beamngdrive #shorts #football #ronaldo #messi #soccer	1
