title,description,tags
Chinese Brainrot,"""Chinese brain rot doesn't exis‚Äì"" Chinese girls dancing while vegetable giants crash into each other in the background brainrot ...",[]
OFFICIAL Brain Rot Test,Brain rot test to figure out if you have brain rot or not from all that scrolling you have been doing. 4/5 or more you probably cooked ...,[]
The Brain Rot Alphabet! #brainrot,The Brain Rot Alphabet: Zoomer Memes from A to Z! A: Alpha Male B: Baby GronkC: Cuh Dey BoredD: Duke DennisE: EdgingF: ...,[]
Stage 4 brainrot ‚ò†Ô∏è,"Bro's brain rot is terminal This MIGHT be aura x ""Skibidi, Edge, Rizz"" Blade Runner 2049 interlinked brainrot dog meme ...",[]
Spider-Man but he has brainrot,What if Peter Parker was Gen Alpha? Intro Music: https://www.youtube.com/watch?v=ezjAKF1bHcE.,[]
Harry Potter but it‚Äôs brainrot,Brainrot Harry Potter. The boy who rizzed attends Mogwarts with other rizzlers in order to learn to goon to eventually defeat Lord ...,[]
Do You Have Brain Rot?,Get Merch: https://bucha.shop Become a Member: https://www.youtube.com/channel/UCWBWgCD4oAqT3hUeq40SCUw/join ...,[]
brain rot courses dropping soon #sigma #brainrot,,[]
1 Hour Of Brainrot Memes V1,"Enjoy 1 Hour Of Brainrot V1! memes, meme, memes compilation, dank memes, offensive memes, funny, funny memes, funny ...",[]
Literal Brain Rot,"I am one with the rot. And the tiktok to the person who made that blade runner brain rot, bruh's rot was so mesmerizing that it ...",[]
Ultimate Brainrot #pmdamiann #roblox IB: Shepherd,,[]
The Amazing Spider-Man but it&#39;s brainrot,The Amazing Rizzler.,[]
This Video is About Brain Rot,Are you suffering from brain rot? Brain rot is a term that's been gaining traction recently but is more of another joke to add onto the ...,[]
What Is Brainrot?,this is brainrot Please comment if you know more about this meme's origins. Reading list: https://amzn.to/3LRiZuA Watch videos ...,[]
Goodbye Brain Rot,shorts #gaming #neurolink LIKE AND SUBSCRIBE ---------------------------------------------------------------- FOLLOW ALL THESE ‚Ä¢ Twitter ...,[]
"Please, Please, Please (Brainrot Cover) üòà #brainrot #cover #cringe #satire #pov #trending #fyp",,[]
Spider-Man 2 but he has brainrot,Bro's on a mewing streak?! Part 1: https://youtu.be/49l39sSrGqk?si=cXbCbnCsmIwoS8x1 Part 3: ...,[]
try not to brainrot challenge,LIKE THE VIDEO Merch: https://my-store-e85bb5.creator-spring.com Business Email: sponsormemezee@gmail.com Twitter ...,[]
Brainrot 2000&#39;s Romcom | Animated,Im sorry Original by @CoopNoop Original Video : https://www.tiktok.com/@coopnoop21/video/7357034389777255723?,[]
Skyrim Intro But It&#39;s Brainrot (Gen Alpha Slang),"Subscribe for more comedy and gaming related content! This was inspired by the Fallout 4 version that was made by Pursuit, ...",[]
